endTimeUTC,startTimeUTC,duration,isReportingWindow,dataUsageBytes,profileIccid,profileId,deviceId,imei,network,rat
2026-05-26 16:54:56,2026-05-26 16:54:12,00:00:44,0,0,89464278206107519746,5324559,3808197,865235030714188,"T-Mobile USA, Inc",LTE
2026-05-26 16:54:07,2026-05-26 16:53:56,00:00:11,0,0,89464278206107519746,5324559,3808197,865235030714188,AT&T Mobility,LTE
2026-05-26 16:53:56,2026-05-26 16:49:01,00:04:55,0,94964,89464278206107519746,5324559,3808197,865235030714188,AT&T Mobility,LTE
2026-05-26 16:49:01,2026-05-26 16:48:37,00:00:24,0,0,89464278206107519746,5324559,3808197,865235030714188,AT&T Mobility,LTE
2026-05-26 16:48:18,2026-05-26 16:48:08,00:00:10,0,0,89464278206107519746,5324559,3808197,865235030714188,"T-Mobile USA, Inc",LTE
2026-05-26 16:48:08,2026-05-26 16:45:20,00:02:48,0,52925,89464278206107519746,5324559,3808197,865235030714188,"T-Mobile USA, Inc",LTE
2026-05-26 16:45:19,2026-05-26 16:42:33,00:02:46,0,52910,89464278206107519746,5324559,3808197,865235030714188,"T-Mobile USA, Inc",LTE
2026-05-26 16:42:33,2026-05-26 16:41:26,00:01:07,0,18478,89464278206107519746,5324559,3808197,865235030714188,"T-Mobile USA, Inc",LTE
2026-05-26 16:41:25,2026-05-26 16:41:02,00:00:23,0,0,89464278206107519746,5324559,3808197,865235030714188,"T-Mobile USA, Inc",LTE
2026-05-26 16:41:02,2026-05-26 16:16:07,00:24:55,0,459491,89464278206107519746,5324559,3808197,865235030714188,"T-Mobile USA, Inc",LTE
2026-05-26 16:16:02,2026-05-26 16:15:40,00:00:22,0,0,89464278206107519746,5324559,3808197,865235030714188,"T-Mobile USA, Inc",LTE
2026-05-26 16:15:40,2026-05-26 15:31:11,00:44:29,0,0,89464278206107519746,5324559,3808197,865235030714188,"T-Mobile USA, Inc",LTE
2026-05-26 15:31:11,2026-05-26 09:31:11,06:00:00,0,0,89464278206107519746,5324559,3808197,865235030714188,"T-Mobile USA, Inc",LTE
2026-05-26 09:31:11,2026-05-26 03:31:10,06:00:01,0,0,89464278206107519746,5324559,3808197,865235030714188,"T-Mobile USA, Inc",LTE
2026-05-26 03:12:55,2026-05-25 21:12:55,06:00:00,0,0,89464278206107519746,5324559,3808197,865235030714188,"T-Mobile USA, Inc",LTE
2026-05-26 03:12:56,2026-05-26 03:12:55,00:00:01,0,0,89464278206107519746,5324559,3808197,865235030714188,"T-Mobile USA, Inc",LTE
2026-05-25 21:12:55,2026-05-25 15:12:55,06:00:00,0,0,89464278206107519746,5324559,3808197,865235030714188,"T-Mobile USA, Inc",LTE
2026-05-25 15:12:55,2026-05-25 09:12:55,06:00:00,0,0,89464278206107519746,5324559,3808197,865235030714188,"T-Mobile USA, Inc",LTE
2026-05-25 09:12:55,2026-05-25 03:12:55,06:00:00,0,0,89464278206107519746,5324559,3808197,865235030714188,"T-Mobile USA, Inc",LTE
2026-05-25 02:54:30,2026-05-25 02:54:30,00:00:00,0,0,89464278206107519746,5324559,3808197,865235030714188,"T-Mobile USA, Inc",LTE
2026-05-24 20:54:30,2026-05-24 14:54:30,06:00:00,0,0,89464278206107519746,5324559,3808197,865235030714188,"T-Mobile USA, Inc",LTE
2026-05-24 14:54:30,2026-05-24 08:54:30,06:00:00,0,0,89464278206107519746,5324559,3808197,865235030714188,"T-Mobile USA, Inc",LTE
2026-05-24 08:54:30,2026-05-24 02:54:30,06:00:00,0,0,89464278206107519746,5324559,3808197,865235030714188,"T-Mobile USA, Inc",LTE
2026-05-24 02:36:02,2026-05-23 20:36:02,06:00:00,0,0,89464278206107519746,5324559,3808197,865235030714188,"T-Mobile USA, Inc",LTE
2026-05-23 20:36:02,2026-05-23 14:36:02,06:00:00,0,0,89464278206107519746,5324559,3808197,865235030714188,"T-Mobile USA, Inc",LTE
2026-05-23 14:36:02,2026-05-23 08:36:02,06:00:00,0,0,89464278206107519746,5324559,3808197,865235030714188,"T-Mobile USA, Inc",LTE
2026-05-23 08:36:02,2026-05-23 02:36:02,06:00:00,0,0,89464278206107519746,5324559,3808197,865235030714188,"T-Mobile USA, Inc",LTE
2026-05-23 02:36:02,2026-05-22 23:34:28,03:01:34,0,3794158,89464278206107519746,5324559,3808197,865235030714188,"T-Mobile USA, Inc",LTE
2026-05-22 23:34:25,2026-05-22 23:34:17,00:00:08,0,496,89464278206107519746,5324559,3808197,865235030714188,"T-Mobile USA, Inc",LTE
2026-05-22 23:34:14,2026-05-22 23:34:09,00:00:05,0,0,89464278206107519746,5324559,3808197,865235030714188,"T-Mobile USA, Inc",LTE
2026-05-22 23:34:08,2026-05-22 23:33:39,00:00:29,0,0,89464278206107519746,5324559,3808197,865235030714188,"T-Mobile USA, Inc",LTE
2026-05-22 23:33:39,2026-05-22 23:33:32,00:00:07,0,0,89464278206107519746,5324559,3808197,865235030714188,AT&T Mobility,LTE
2026-05-22 23:33:32,2026-05-22 23:33:02,00:00:30,0,0,89464278206107519746,5324559,3808197,865235030714188,AT&T Mobility,LTE
2026-05-22 23:33:02,2026-05-22 22:55:18,00:37:44,0,793053,89464278206107519746,5324559,3808197,865235030714188,AT&T Mobility,LTE
2026-05-22 22:55:18,2026-05-22 22:54:53,00:00:25,0,0,89464278206107519746,5324559,3808197,865235030714188,AT&T Mobility,LTE
2026-05-22 22:54:53,2026-05-22 22:45:47,00:09:06,0,134490,89464278206107519746,5324559,3808197,865235030714188,AT&T Mobility,LTE
2026-05-22 22:45:42,2026-05-22 22:40:42,00:05:00,0,82737,89464278206107519746,5324559,3808197,865235030714188,AT&T Mobility,LTE
2026-05-22 22:45:44,2026-05-22 22:45:42,00:00:02,0,0,89464278206107519746,5324559,3808197,865235030714188,AT&T Mobility,LTE
2026-05-22 22:40:42,2026-05-22 22:40:20,00:00:22,0,0,89464278206107519746,5324559,3808197,865235030714188,AT&T Mobility,LTE
2026-05-22 22:09:13,2026-05-22 22:05:13,00:04:00,0,84788,89464278206107519746,5324559,3808197,865235030714188,AT&T Mobility,LTE
2026-05-22 22:05:13,2026-05-22 22:04:37,00:00:36,0,0,89464278206107519746,5324559,3808197,865235030714188,AT&T Mobility,LTE
2026-05-22 22:04:36,2026-05-22 21:41:42,00:22:54,0,13814,89464278206107519746,5324559,3808197,865235030714188,AT&T Mobility,LTE
2026-05-22 21:41:38,2026-05-22 21:41:31,00:00:07,0,0,89464278206107519746,5324559,3808197,865235030714188,AT&T Mobility,LTE
2026-05-22 21:41:31,2026-05-22 21:30:42,00:10:49,0,222266,89464278206107519746,5324559,3808197,865235030714188,AT&T Mobility,LTE
2026-05-22 21:30:39,2026-05-22 21:30:33,00:00:06,0,0,89464278206107519746,5324559,3808197,865235030714188,AT&T Mobility,LTE
2026-05-22 21:30:33,2026-05-22 21:27:46,00:02:47,0,38066,89464278206107519746,5324559,3808197,865235030714188,AT&T Mobility,LTE
2026-05-22 21:27:43,2026-05-22 21:27:36,00:00:07,0,0,89464278206107519746,5324559,3808197,865235030714188,AT&T Mobility,LTE
2026-05-22 21:27:36,2026-05-22 21:18:46,00:08:50,0,205878,89464278206107519746,5324559,3808197,865235030714188,AT&T Mobility,LTE
2026-05-22 21:18:43,2026-05-22 21:18:36,00:00:07,0,0,89464278206107519746,5324559,3808197,865235030714188,AT&T Mobility,LTE
2026-05-22 21:17:20,2026-05-22 21:17:15,00:00:05,0,0,89464278206107519746,5324559,3808197,865235030714188,AT&T Mobility,LTE
2026-05-22 21:17:12,2026-05-22 21:17:05,00:00:07,0,0,89464278206107519746,5324559,3808197,865235030714188,AT&T Mobility,LTE
2026-05-22 20:18:40,2026-05-22 19:17:24,01:01:16,0,71722,89464278206107519746,5324559,3808197,865235030714188,AT&T Mobility,LTE
2026-05-22 19:17:21,2026-05-22 19:17:15,00:00:06,0,0,89464278206107519746,5324559,3808197,865235030714188,AT&T Mobility,LTE
2026-05-22 18:06:12,2026-05-22 16:43:24,01:22:48,0,567542,89464278206107519746,5324559,3808197,865235030714188,AT&T Mobility,LTE
2026-05-22 16:43:19,2026-05-22 16:32:08,00:11:11,0,0,89464278206107519746,5324559,3808197,865235030714188,AT&T Mobility,LTE
2026-05-22 16:32:08,2026-05-22 16:04:02,00:28:06,0,626735,89464278206107519746,5324559,3808197,865235030714188,AT&T Mobility,LTE
2026-05-22 16:03:58,2026-05-22 15:57:10,00:06:48,0,153252,89464278206107519746,5324559,3808197,865235030714188,AT&T Mobility,LTE
2026-05-22 15:57:07,2026-05-22 15:57:01,00:00:06,0,0,89464278206107519746,5324559,3808197,865235030714188,AT&T Mobility,LTE
2026-05-22 00:27:33,2026-05-21 23:28:29,00:59:04,0,19203,89464278206107519746,5324559,3808197,865235030714188,AT&T Mobility,LTE
2026-05-21 23:28:26,2026-05-21 23:28:19,00:00:07,0,0,89464278206107519746,5324559,3808197,865235030714188,AT&T Mobility,LTE
2026-05-21 23:28:19,2026-05-21 23:23:24,00:04:55,0,100169,89464278206107519746,5324559,3808197,865235030714188,AT&T Mobility,LTE
2026-05-21 23:23:20,2026-05-21 23:23:14,00:00:06,0,0,89464278206107519746,5324559,3808197,865235030714188,AT&T Mobility,LTE
2026-05-21 23:23:14,2026-05-21 23:21:26,00:01:48,0,29471,89464278206107519746,5324559,3808197,865235030714188,AT&T Mobility,LTE
2026-05-21 23:21:18,2026-05-21 23:18:02,00:03:16,0,67516,89464278206107519746,5324559,3808197,865235030714188,AT&T Mobility,LTE
2026-05-21 23:17:58,2026-05-21 23:12:22,00:05:36,0,119205,89464278206107519746,5324559,3808197,865235030714188,AT&T Mobility,LTE
2026-05-21 23:12:19,2026-05-21 23:07:19,00:05:00,0,76456,89464278206107519746,5324559,3808197,865235030714188,AT&T Mobility,LTE
2026-05-21 23:07:15,2026-05-21 23:05:15,00:02:00,0,37523,89464278206107519746,5324559,3808197,865235030714188,AT&T Mobility,LTE
2026-05-21 23:05:11,2026-05-21 23:01:47,00:03:24,0,70242,89464278206107519746,5324559,3808197,865235030714188,AT&T Mobility,LTE
2026-05-21 23:01:44,2026-05-21 23:01:38,00:00:06,0,0,89464278206107519746,5324559,3808197,865235030714188,AT&T Mobility,LTE
2026-05-21 23:01:38,2026-05-21 22:59:38,00:02:00,0,23149,89464278206107519746,5324559,3808197,865235030714188,AT&T Mobility,LTE
2026-05-21 22:59:35,2026-05-21 22:54:46,00:04:49,0,78137,89464278206107519746,5324559,3808197,865235030714188,AT&T Mobility,LTE
2026-05-21 22:54:42,2026-05-21 22:53:31,00:01:11,0,804,89464278206107519746,5324559,3808197,865235030714188,AT&T Mobility,LTE
2026-05-21 22:53:28,2026-05-21 22:52:38,00:00:50,0,700,89464278206107519746,5324559,3808197,865235030714188,AT&T Mobility,LTE
2026-05-21 22:52:35,2026-05-21 22:51:45,00:00:50,0,588,89464278206107519746,5324559,3808197,865235030714188,AT&T Mobility,LTE
2026-05-21 22:51:42,2026-05-21 22:50:42,00:01:00,0,728,89464278206107519746,5324559,3808197,865235030714188,AT&T Mobility,LTE
2026-05-21 22:50:39,2026-05-21 22:49:37,00:01:02,0,588,89464278206107519746,5324559,3808197,865235030714188,AT&T Mobility,LTE
2026-05-21 22:49:33,2026-05-21 22:45:44,00:03:49,0,332,89464278206107519746,5324559,3808197,865235030714188,AT&T Mobility,LTE
2026-05-21 22:45:40,2026-05-21 22:39:23,00:06:17,0,256,89464278206107519746,5324559,3808197,865235030714188,AT&T Mobility,LTE
2026-05-21 22:39:19,2026-05-21 22:36:40,00:02:39,0,332,89464278206107519746,5324559,3808197,865235030714188,AT&T Mobility,LTE
2026-05-21 22:36:36,2026-05-21 22:33:19,00:03:17,0,332,89464278206107519746,5324559,3808197,865235030714188,AT&T Mobility,LTE
2026-05-21 22:33:15,2026-05-21 22:32:29,00:00:46,0,332,89464278206107519746,5324559,3808197,865235030714188,AT&T Mobility,LTE
2026-05-21 22:32:23,2026-05-21 22:28:08,00:04:15,0,332,89464278206107519746,5324559,3808197,865235030714188,AT&T Mobility,LTE
2026-05-21 22:28:04,2026-05-21 22:27:25,00:00:39,0,332,89464278206107519746,5324559,3808197,865235030714188,AT&T Mobility,LTE
2026-05-21 22:27:21,2026-05-21 22:17:24,00:09:57,0,332,89464278206107519746,5324559,3808197,865235030714188,AT&T Mobility,LTE
2026-05-21 22:17:20,2026-05-21 22:16:11,00:01:09,0,332,89464278206107519746,5324559,3808197,865235030714188,AT&T Mobility,LTE
2026-05-21 22:16:08,2026-05-21 22:15:51,00:00:17,0,332,89464278206107519746,5324559,3808197,865235030714188,AT&T Mobility,LTE
2026-05-21 22:15:47,2026-05-21 22:15:41,00:00:06,0,0,89464278206107519746,5324559,3808197,865235030714188,AT&T Mobility,LTE
2026-05-21 22:15:41,2026-05-21 22:14:16,00:01:25,0,332,89464278206107519746,5324559,3808197,865235030714188,AT&T Mobility,LTE
2026-05-21 22:14:13,2026-05-21 22:11:39,00:02:34,0,332,89464278206107519746,5324559,3808197,865235030714188,AT&T Mobility,LTE
2026-05-21 22:11:35,2026-05-21 22:11:18,00:00:17,0,116,89464278206107519746,5324559,3808197,865235030714188,AT&T Mobility,LTE
2026-05-21 22:11:14,2026-05-21 22:11:07,00:00:07,0,0,89464278206107519746,5324559,3808197,865235030714188,AT&T Mobility,LTE
2026-05-21 22:11:07,2026-05-21 22:08:40,00:02:27,0,332,89464278206107519746,5324559,3808197,865235030714188,AT&T Mobility,LTE
2026-05-21 22:08:35,2026-05-21 22:07:35,00:01:00,0,332,89464278206107519746,5324559,3808197,865235030714188,AT&T Mobility,LTE
2026-05-21 22:07:31,2026-05-21 22:07:12,00:00:19,0,116,89464278206107519746,5324559,3808197,865235030714188,AT&T Mobility,LTE
2026-05-21 22:07:08,2026-05-21 22:07:01,00:00:07,0,0,89464278206107519746,5324559,3808197,865235030714188,AT&T Mobility,LTE
2026-05-21 22:07:01,2026-05-21 22:05:49,00:01:12,0,332,89464278206107519746,5324559,3808197,865235030714188,AT&T Mobility,LTE
2026-05-21 22:05:46,2026-05-21 22:05:08,00:00:38,0,332,89464278206107519746,5324559,3808197,865235030714188,AT&T Mobility,LTE
2026-05-21 22:05:04,2026-05-21 22:04:58,00:00:06,0,0,89464278206107519746,5324559,3808197,865235030714188,AT&T Mobility,LTE
2026-05-21 22:04:58,2026-05-21 22:03:56,00:01:02,0,332,89464278206107519746,5324559,3808197,865235030714188,AT&T Mobility,LTE
2026-05-21 22:03:52,2026-05-21 22:03:14,00:00:38,0,332,89464278206107519746,5324559,3808197,865235030714188,AT&T Mobility,LTE